[

    {
      "base": "eat",
      "past": "ate",
      "participle": "eaten",
      "translation": "comer"
    },

    {
      "base": "go",
      "past": "went",
      "participle": "gone",
      "translation": "ir"
    },

    {
      "base": "see",
      "past": "saw",
      "participle": "seen",
      "translation": "ver"
    },

    {
      "base": "take",
      "past": "took",
      "participle": "taken",
      "translation": "tomar"
    },

    {
      "base": "make",
      "past": "made",
      "participle": "made",
      "translation": "fazer"
    },

    {
      "base": "come",
      "past": "came",
      "participle": "come",
      "translation": "vir"
    },

    {
      "base": "know",
      "past": "knew",
      "participle": "known",
      "translation": "saber"
    },

    {
      "base": "get",
      "past": "got",
      "participle": "gotten",
      "translation": "obter"
    },

    {
      "base": "give",
      "past": "gave",
      "participle": "given",
      "translation": "dar"
    },

    {
      "base": "find",
      "past": "found",
      "participle": "found",
      "translation": "encontrar"
    },

    {
      "base": "think",
      "past": "thought",
      "participle": "thought",
      "translation": "pensar"
    },

    {
      "base": "tell",
      "past": "told",
      "participle": "told",
      "translation": "dizer"
    },

    {
      "base": "become",
      "past": "became",
      "participle": "become",
      "translation": "tornar-se"
    },

    {
      "base": "show",
      "past": "showed",
      "participle": "shown",
      "translation": "mostrar"
    },

    {
      "base": "leave",
      "past": "left",
      "participle": "left",
      "translation": "sair"
    },

    {
      "base": "feel",
      "past": "felt",
      "participle": "felt",
      "translation": "sentir"
    },

    {
      "base": "put",
      "past": "put",
      "participle": "put",
      "translation": "colocar"
    },

    {
      "base": "bring",
      "past": "brought",
      "participle": "brought",
      "translation": "trazer"
    },

    {
      "base": "begin",
      "past": "began",
      "participle": "begun",
      "translation": "começar"
    },

    {
      "base": "keep",
      "past": "kept",
      "participle": "kept",
      "translation": "manter"
    },

    {
      "base": "hold",
      "past": "held",
      "participle": "held",
      "translation": "segurar"
    },

    {
      "base": "write",
      "past": "wrote",
      "participle": "written",
      "translation": "escrever"
    },

    {
      "base": "stand",
      "past": "stood",
      "participle": "stood",
      "translation": "ficar em pé"
    },

    {
      "base": "hear",
      "past": "heard",
      "participle": "heard",
      "translation": "ouvir"
    },

    {
      "base": "let",
      "past": "let",
      "participle": "let",
      "translation": "deixar"
    },

    {
      "base": "mean",
      "past": "meant",
      "participle": "meant",
      "translation": "significar"
    },

    {
      "base": "set",
      "past": "set",
      "participle": "set",
      "translation": "definir"
    },

    {
      "base": "meet",
      "past": "met",
      "participle": "met",
      "translation": "encontrar"
    },

    {
      "base": "run",
      "past": "ran",
      "participle": "run",
      "translation": "correr"
    },

    {
      "base": "pay",
      "past": "paid",
      "participle": "paid",
      "translation": "pagar"
    },

    {
      "base": "sit",
      "past": "sat",
      "participle": "sat",
      "translation": "sentar"
    },

    {
      "base": "speak",
      "past": "spoke",
      "participle": "spoken",
      "translation": "falar"
    },

    {
      "base": "lie",
      "past": "lay",
      "participle": "lain",
      "translation": "deitar"
    },

    {
      "base": "lead",
      "past": "led",
      "participle": "led",
      "translation": "liderar"
    },

    {
      "base": "read",
      "past": "read",
      "participle": "read",
      "translation": "ler"
    },

    {
      "base": "grow",
      "past": "grew",
      "participle": "grown",
      "translation": "crescer"
    },

    {
      "base": "win",
      "past": "won",
      "participle": "won",
      "translation": "ganhar"
    },

    {
      "base": "sell",
      "past": "sold",
      "participle": "sold",
      "translation": "vender"
    },

    {
      "base": "buy",
      "past": "bought",
      "participle": "bought",
      "translation": "comprar"
    },

    {
      "base": "choose",
      "past": "chose",
      "participle": "chosen",
      "translation": "escolher"
    },

    {
      "base": "drink",
      "past": "drank",
      "participle": "drunk",
      "translation": "beber"
    },

    {
      "base": "break",
      "past": "broke",
      "participle": "broken",
      "translation": "quebrar"
    },

    {
      "base": "drive",
      "past": "drove",
      "participle": "driven",
      "translation": "dirigir"
    },

    {
      "base": "fall",
      "past": "fell",
      "participle": "fallen",
      "translation": "cair"
    },

    {
      "base": "sing",
      "past": "sang",
      "participle": "sung",
      "translation": "cantar"
    },

    {
      "base": "swim",
      "past": "swam",
      "participle": "swum",
      "translation": "nadar"
    },

    {
      "base": "fly",
      "past": "flew",
      "participle": "flown",
      "translation": "voar"
    },

    {
      "base": "wear",
      "past": "wore",
      "participle": "worn",
      "translation": "vestir"
    },

    {
      "base": "tear",
      "past": "tore",
      "participle": "torn",
      "translation": "rasgar"
    },

    {
      "base": "understand",
      "past": "understood",
      "participle": "understood",
      "translation": "entender"
    }
]